code,system
ZV56011,readv2
ZV56y11,readv2
Z919.00,readv2
ZV56000,readv2
ZV56.00,readv2
Z919200,readv2
7L1A600,readv2
TA02000,readv2
8882.00,readv2
7L1A000,readv2
Z919300,readv2
Z919100,readv2
Z91A.00,readv2
14V2.00,readv2
7L1A200,readv2
SP0F.00,readv2
ZV45100,readv2
Gy41.00,readv2
4I29.00,readv2
14V2.11,readv2
7L1A100,readv2
SP0G.00,readv2
Z99.2,readv2
Y84.1,readv2
X40.2,readv2
X40.3,readv2
X40.1,readv2
G72D.00,readv2
G72C.00,readv2
G72D000,readv2
G72D200,readv2
G72D100,readv2
7B01511,readv2
M02.6,readv2
SP08J00,readv2
7B00200,readv2
SP08R00,readv2
TB00111,readv2
K0B5.00,readv2
7B00212,readv2
SP08E00,readv2
7B00z00,readv2
SP08300,readv2
7B0F.00,readv2
SP08W00,readv2
7B0Fy00,readv2
SP08F00,readv2
TB00100,readv2
SP08H00,readv2
7B00.00,readv2
SP08V00,readv2
SP08T00,readv2
7B00100,readv2
SP08G00,readv2
Kyu1C00,readv2
7B0Fz00,readv2
SP08N00,readv2
SP08D00,readv2
N16.5,readv2
Z94.0,readv2
T86.1,readv2
M17.2,readv2
1Z1K.00,readv2
1Z1L.11,readv2
1Z1L.00,readv2
7L1A500,readv2
SP06B00,readv2
X40.6,readv2
Gy40.00,readv2
Gy60.00,readv2
L74.6,readv2
7L1B100,readv2
X41.2,readv2
ZV42000,readv2
Gy3..00,readv2
Gy31.00,readv2
Gy30.00,readv2
SP08P00,readv2
SP07G00,readv2
Gy10.00,readv2
Gy1..00,readv2
Gy4..00,readv2
14S2.00,readv2
7B00500,readv2
7B00211,readv2
M01.3,readv2
SP0E.00,readv2
SP05613,readv2
1Z14.00,readv2
N18.5,readv2
7L1A011,readv2
ZV56z00,readv2
ZV56y00,readv2
7B00y00,readv2
M01.9,readv2
M17.9,readv2
M01.8,readv2
M17.8,readv2
7L1A400,readv2
X40.5,readv2
SP01500,readv2
T82.4,readv2
K050.00,readv2
TA22000,readv2
7L1A.11,readv2
K05..12,readv2
7L1B.11,readv2
7B00111,readv2
M01.2,readv2
Gy2..00,readv2
Gy21.00,readv2
ZVu3G00,readv2
Z49.2,readv2
Z1A1.00,readv2
Z1A..00,readv2
Z1A2.00,readv2
TB11.00,readv2
TB11.11,readv2
Gy51.00,readv2
Gy5..00,readv2
4N2..00,readv2
4N0..00,readv2
7B0F300,readv2
M17.4,readv2
7L1B000,readv2
X41.1,readv2
7B00400,readv2
M01.5,readv2
M01.4,readv2
7L1C000,readv2
X42.1,readv2
7B06300,readv2
M08.4,readv2
7L1B200,readv2
K0D..00,readv2
53852.0,readv2
95508.0,readv2
97683.0,readv2
95405.0,readv2
12585.0,readv2
6712.0,readv2
7B00300,readv2
100693.0,readv2
72004.0,readv2
107000.0,readv2
107260.0,readv2
30756.0,readv2
48639.0,readv2
107752.0,readv2
63038.0,readv2
60446.0,readv2
104719.0,readv2
96184.0,readv2
108116.0,readv2
66714.0,readv2
107746.0,readv2
104049.0,readv2
101912.0,readv2
98364.0,readv2
107188.0,readv2
105436.0,readv2
106620.0,readv2
104050.0,readv2
93366.0,readv2
24361.0,readv2
54990.0,readv2
96133.0,readv2
36442.0,readv2
108213.0,readv2
11745.0,readv2
64828.0,readv2
99692.0,readv2
108785.0,readv2
104905.0,readv2
106301.0,readv2
108759.0,readv2
5504.0,readv2
66705.0,readv2
101756.0,readv2
11773.0,readv2
101736.0,readv2
8037.0,readv2
72336.0,readv2
104630.0,readv2
109135.0,readv2
63488.0,readv2
18774.0,readv2
108437.0,readv2
110051.0,readv2
105811.0,readv2
48057.0,readv2
30709.0,readv2
86419.0,readv2
8330.0,readv2
26862.0,readv2
109455.0,readv2
88597.0,readv2
103429.0,readv2
69266.0,readv2
107082.0,readv2
44422.0,readv2
59315.0,readv2
104586.0,readv2
11553.0,readv2
70874.0,readv2
45160.0,readv2
28158.0,readv2
2994.0,readv2
89924.0,readv2
74905.0,readv2
98888.0,readv2
49028.0,readv2
106866.0,readv2
60743.0,readv2
106720.0,readv2
109809.0,readv2
104960.0,readv2
105328.0,readv2
105760.0,readv2
20073.0,readv2
23773.0,readv2
105724.0,readv2
107220.0,readv2
69760.0,readv2
60498.0,readv2
52123.0,readv2
110095.0,readv2
110072.0,readv2
63502.0,readv2
107900.0,readv2
108699.0,readv2
2996.0,readv2
5911.0,readv2
104201.0,readv2
46145.0,readv2
106975.0,readv2
105742.0,readv2
101124.0,readv2
22252.0,readv2
20196.0,readv2
46438.0,readv2
108423.0,readv2
2997.0,readv2
Y61.2,readv2
Y60.2,readv2
Z49.1,readv2
M01.1,readv2
M02.7,readv2